<?xml version="1.0" encoding="UTF-8"?>
<addon id="repository.deusvault" name="DeusVault Repository" version="1.0.0" provider-name="Chadgamer2023">
  <extension point="xbmc.addon.repository" name="DeusVault Repository">
    <dir>
      <info>https://raw.githubusercontent.com/Chadgamer2023/repo/main/addons.xml</info>
      <checksum>https://raw.githubusercontent.com/Chadgamer2023/repo/main/addons.xml.md5</checksum>
      <datadir zip="true">https://raw.githubusercontent.com/Chadgamer2023/repo/main</datadir>
    </dir>
  </extension>
  <extension point="xbmc.addon.metadata">
    <summary>DeusVault Kodi repository</summary>
    <description>Repository to host DeusVault add-ons. Hosted at https://github.com/Chadgamer2023/repo</description>
    <platform>all</platform>
  </extension>
</addon>
